<?xml version="1.0" encoding="UTF-8" standalone="yes"?>
<manifest>
  <control namespace="DateAnniversary" constructor="dateanniversary" version="0.1.8" display-name-key="dateanniversary" description-key="dateanniversary description" control-type="standard" api-version="1.3.5">
    <external-service-usage enabled="false"/>
    <property name="sampleProperty" display-name-key="Property_Display_Key" description-key="Property_Desc_Key" of-type="DateAndTime.DateOnly" usage="bound" required="true"/>
    <resources>
      <code path="bundle.js" order="1"/>
    </resources>
    <built-by name="pac" version="1.25.5"/>
  </control>
</manifest>